UID,ANTENNA,BAND,TIME,CALDATA_ID,FREQ_MEAN,AZ,EL,REL_OFF_X,REL_OFF_Y,ABS_OFF_X,ABS_OFF_Y,ERR_X,ERR_Y,BW_X,BW_Y
uid://A002/Xa2300a/Xa8a,DA50,ALMA_RB_06,2015-06-04 02:06:16.656000,CalData_1,230514562500.05,39.83917651745771,54.33510697879407,-0.5475620924667766,0.6434853641356777,261.9192141683026,-357.61982155366616,0.04348224430975288,0.04346659888126098,25.567798997508977,25.567798997508977
uid://A002/Xa2300a/Xa8a,DA51,ALMA_RB_06,2015-06-04 02:06:16.656000,CalData_1,230514562500.05,39.84024436042226,54.338134012680705,-0.14461975080790856,-3.621941160414005,118.64050507316524,-268.27328591285436,0.03949862424992673,0.03804706842668937,25.567798997508977,25.567798997508977
uid://A002/Xa2300a/Xa8a,DA52,ALMA_RB_06,2015-06-04 02:06:16.656000,CalData_1,230514562500.05,39.84071064710871,54.335499988020004,-0.09245371737633938,1.0410411657935061,510.037549609402,-154.88760456512327,0.045765399920658076,0.045615024411883205,25.567798997508977,25.567798997508977
uid://A002/Xa2300a/Xa8a,DA53,ALMA_RB_06,2015-06-04 02:06:16.656000,CalData_1,230514562500.05,39.84199133350323,54.334294407404904,2.722396787092213,2.886165738811527,466.2693266012492,-212.88067715957976,0.041055656113124867,0.04094835912382687,25.567798997508977,25.567798997508977
uid://A002/Xa2300a/Xa8a,DA54,ALMA_RB_06,2015-06-04 02:06:16.656000,CalData_1,230514562500.05,39.83787263171872,54.33832007787745,1.6063659375491934,3.6472732505221783,387.29081010781357,-103.4731863233227,0.04828366933993724,0.04684419256562743,25.567798997508977,25.567798997508977
uid://A002/Xa2300a/Xa8a,DA55,ALMA_RB_06,2015-06-04 02:06:16.656000,CalData_1,230514562500.05,39.83933168229491,54.334672563627365,-1.4280775870243134,1.5909218709000017,227.5482769565426,-154.36073599256923,0.037521696838669356,0.03746596057314691,25.567798997508977,25.567798997508977
uid://A002/Xa2300a/Xa8a,DV16,ALMA_RB_06,2015-06-04 02:06:16.656000,CalData_1,230514562500.05,39.838779578663626,54.33704607040794,-5.718862195986589,2.9444508545333417,573.9286313023102,-1045.901425890616,0.04080927351276078,0.0433178216013173,25.567798997508977,25.567798997508977
uid://A002/Xa2300a/Xa8a,DV17,ALMA_RB_06,2015-06-04 02:06:16.656000,CalData_1,230514562500.05,39.8400303377663,54.335406227832635,0.7270342751813659,-0.46564880809639203,633.6941149027762,-894.930627716927,0.042701959927779545,0.042744528761340404,25.567798997508977,25.567798997508977
uid://A002/Xa2300a/Xa8a,DV18,ALMA_RB_06,2015-06-04 02:06:16.656000,CalData_1,230514562500.05,39.84075382156042,54.336172807662805,9.576839942336152,11.592095139518857,471.32944140577456,-583.9152167826056,0.13021676344062402,0.12454620927167008,25.567798997508977,25.567798997508977
uid://A002/Xa2300a/Xa8a,DV19,ALMA_RB_06,2015-06-04 02:06:16.656000,CalData_1,230514562500.05,39.8415432018861,54.33484408992629,-0.2881170999182099,-0.4465242246384902,183.36776895182456,-668.4106587295139,0.04170483656282718,0.04169044565692057,25.567798997508977,25.567798997508977
uid://A002/Xa2300a/Xa8a,DV20,ALMA_RB_06,2015-06-04 02:06:16.656000,CalData_1,230514562500.05,39.843722120169595,54.33731013553583,4.605001468120101,-1.6770062289390861,242.3030227638059,-573.6524606529165,0.0388176938810352,0.04079576919052801,25.567798997508977,25.567798997508977
uid://A002/Xa2300a/Xa8a,DV21,ALMA_RB_06,2015-06-04 02:06:16.656000,CalData_1,230514562500.05,39.8433624437523,54.338729944509375,0.678173234920353,-2.072222419834574,194.10959942482606,-628.4879786494039,0.042208329200821466,0.04174627213282473,25.567798997508977,25.567798997508977
uid://A002/Xa2300a/Xa8a,DV22,ALMA_RB_06,2015-06-04 02:06:16.656000,CalData_1,230514562500.05,39.84035318116714,54.33591787165659,-1.062545738269319,0.03261870528031662,740.1470800410217,-763.594433162116,0.04757973933596969,0.047744278903256034,25.567798997508977,25.567798997508977
uid://A002/Xa2300a/Xa8a,DV23,ALMA_RB_06,2015-06-04 02:06:16.656000,CalData_1,230514562500.05,39.836265244799286,54.3357726788522,-0.4603445723134618,-0.8950956292308379,180.2251989942591,-670.3751349832218,0.03627535467849146,0.036210483383412255,25.567798997508977,25.567798997508977
uid://A002/Xa2300a/Xa8a,DA57,ALMA_RB_06,2015-06-04 02:06:16.656000,CalData_1,230514562500.05,39.840783382629205,54.33589648432328,0.2924800240046183,-0.533465922647749,338.88889789309917,-393.71421495912807,0.04536884293712908,0.04534161632864927,25.567798997508977,25.567798997508977
uid://A002/Xa2300a/Xa8a,DA59,ALMA_RB_06,2015-06-04 02:06:16.656000,CalData_1,230514562500.05,39.84122199477542,54.33563361302021,1.6494342865308056,3.3042539954632923,367.60551517039465,-375.34858282480326,0.04002922997509635,0.03910417223642433,25.567798997508977,25.567798997508977
uid://A002/Xa2300a/Xa8a,DA60,ALMA_RB_06,2015-06-04 02:06:16.656000,CalData_1,230514562500.05,39.8391006778802,54.33256583139725,1.0018357512447837,1.2093858887551758,376.27003942411613,-412.00066353474546,0.0395177877142292,0.03946280807534216,25.567798997508977,25.567798997508977
uid://A002/Xa2300a/Xa8a,DA61,ALMA_RB_06,2015-06-04 02:06:16.656000,CalData_1,230514562500.05,39.842869278365605,54.33672410734954,2.202395730939339,0.9630880661447134,425.3725034371243,-215.35781767551222,0.03777861218921997,0.03822094501536992,25.567798997508977,25.567798997508977
uid://A002/Xa2300a/Xa8a,DA62,ALMA_RB_06,2015-06-04 02:06:16.656000,CalData_1,230514562500.05,39.840563091181636,54.33518970655823,0.9666131447373217,-2.390754313118258,317.72745442933893,-269.4462575844409,0.047705823927668575,0.04703721034238954,25.567798997508977,25.567798997508977
uid://A002/Xa2300a/Xa8a,DA63,ALMA_RB_06,2015-06-04 02:06:16.656000,CalData_1,230514562500.05,39.84312427729467,54.3344810468772,-1.452652843271816,0.2409688204169208,175.8158983781243,-453.4627300541628,0.04746910570199583,0.04776384306189004,25.567798997508977,25.567798997508977
uid://A002/Xa2300a/Xa8a,DA64,ALMA_RB_06,2015-06-04 02:06:16.656000,CalData_1,230514562500.05,39.8419763140411,54.33609362792554,1.1300545930734098,1.450776743648481,303.9165584353733,-211.92410163827907,0.036978678721407233,0.03688683770003711,25.567798997508977,25.567798997508977
uid://A002/Xa2300a/Xa8a,DV01,ALMA_RB_06,2015-06-04 02:06:16.656000,CalData_1,230514562500.05,39.84018307803007,54.33703568814667,-0.17958470631501305,0.6586888397778093,467.23483166285865,-426.3063329456254,0.050266278358803956,0.05028091084885595,25.567798997508977,25.567798997508977
uid://A002/Xa2300a/Xa8a,DV05,ALMA_RB_06,2015-06-04 02:06:16.656000,CalData_1,230514562500.05,39.84060053281989,54.3344808215597,-0.9913800490330671,0.20533542710738045,79.70690496914085,-478.7578632259174,0.042826641095896206,0.042950567395335225,25.567798997508977,25.567798997508977
uid://A002/Xa2300a/Xa8a,DV07,ALMA_RB_06,2015-06-04 02:06:16.656000,CalData_1,230514562500.05,39.84112739705896,54.334917275400606,1.2835914046281507,-1.3396998249615257,615.6839608068595,-722.4558950821115,0.040973603603147786,0.04096265168939762,25.567798997508977,25.567798997508977
uid://A002/Xa2300a/Xa8a,DV10,ALMA_RB_06,2015-06-04 02:06:16.656000,CalData_1,230514562500.05,39.83798939218814,54.335401897657235,-0.6477236824109756,-1.2859531607542416,-283.78537428781556,-816.4185832373834,0.04109387344746725,0.040942814679609335,25.567798997508977,25.567798997508977
uid://A002/Xa2300a/Xa8a,DV11,ALMA_RB_06,2015-06-04 02:06:16.656000,CalData_1,230514562500.05,39.838487791711714,54.333448443295886,-1.7009193556514177,-0.19383665291151786,109.398375095525,-925.6042309558693,0.040089920738258476,0.04043482895892381,25.567798997508977,25.567798997508977
uid://A002/Xa2300a/Xa8a,DA42,ALMA_RB_06,2015-06-04 02:06:16.656000,CalData_1,230514562500.05,39.83725731017972,54.336625134551795,2.323839251091619,-3.205000911473818,38.70087515839883,63.60948614690812,0.042524898243248704,0.041945951310382305,25.567798997508977,25.567798997508977
uid://A002/Xa2300a/Xa8a,DA43,ALMA_RB_06,2015-06-04 02:06:16.656000,CalData_1,230514562500.05,39.83785446464162,54.334508585371246,1.6382098241106255,2.0303839718210095,182.27953431521794,-430.8083549305162,0.040064318029300994,0.039894098517949506,25.567798997508977,25.567798997508977
uid://A002/Xa2300a/Xa8a,DV12,ALMA_RB_06,2015-06-04 02:06:16.656000,CalData_1,230514562500.05,39.84088484477613,54.33521267079528,0.8992630948722103,-1.7844920117525678,-48.97861008502006,-412.2282020815193,0.049330662252930625,0.048957431913085526,25.567798997508977,25.567798997508977
uid://A002/Xa2300a/Xa8a,DV13,ALMA_RB_06,2015-06-04 02:06:16.656000,CalData_1,230514562500.05,39.84076955750272,54.3336494122576,-8.375180592982288,-3.1561815942232236,173.43993172175058,-605.7292518354313,0.05916014678383987,0.06710218703734214,25.567798997508977,25.567798997508977
uid://A002/Xa2300a/Xa8a,DA44,ALMA_RB_06,2015-06-04 02:06:16.656000,CalData_1,230514562500.05,39.84284969133639,54.33536191037583,0.962226331041105,-0.19697774976242105,291.25251457336464,-406.76942607829073,0.0385815129317083,0.03868628457933629,25.567798997508977,25.567798997508977
uid://A002/Xa2300a/Xa8a,DA45,ALMA_RB_06,2015-06-04 02:06:16.656000,CalData_1,230514562500.05,39.84150260184788,54.33544805095277,-1.043742604344089,2.2041870936390175,751.0509988574646,-298.6937824096744,0.03967197103959568,0.039313362333847,25.567798997508977,25.567798997508977
uid://A002/Xa2300a/Xa8a,DV14,ALMA_RB_06,2015-06-04 02:06:16.656000,CalData_1,230514562500.05,39.844356781391504,54.33354665174728,1.8661024764316305,-0.5789473911126141,615.1933300689341,-602.3753108141266,0.03485208569768809,0.035180309782146944,25.567798997508977,25.567798997508977
uid://A002/Xa2300a/Xa8a,DV15,ALMA_RB_06,2015-06-04 02:06:16.656000,CalData_1,230514562500.05,39.84418019340655,54.33504273988266,-0.5339610576495813,0.3762637679333296,59.76655137157628,-383.06884640676077,0.05174613573811629,0.05176753452027857,25.567798997508977,25.567798997508977
uid://A002/Xa2300a/Xa8a,DA47,ALMA_RB_06,2015-06-04 02:06:16.656000,CalData_1,230514562500.05,39.8386163150348,54.33601660297989,0.2924706768018307,2.4018979679040595,408.57601996976217,-438.7213113007862,0.0363071042558806,0.03569944954012175,25.567798997508977,25.567798997508977
uid://A002/Xa2300a/Xa8a,DA49,ALMA_RB_06,2015-06-04 02:06:16.656000,CalData_1,230514562500.05,39.84187994890575,54.33572894343465,1.9926261962081044,0.6715098313741954,594.8330531445042,-132.1254678815231,0.0396633500974306,0.04008267046884909,25.567798997508977,25.567798997508977
uid://A002/Xa2300a/Xa8a,DA54,ALMA_RB_06,2015-06-04 02:23:57.072001,CalData_15,230514562500.05,12.633331204439552,46.563907515923354,-2.1071316485229596,1.1817016919207701,389.38468758466666,-97.17694486304599,0.04036295142215271,0.04072768386642882,25.567798997508977,25.567798997508977
uid://A002/Xa2300a/Xa8a,DA55,ALMA_RB_06,2015-06-04 02:23:57.072001,CalData_15,230514562500.05,12.63642817871798,46.5607873851199,-0.05173211473443097,-1.1243128150134456,201.09975003865424,-148.95521773287504,0.051415662057883726,0.05121818669256241,25.567798997508977,25.567798997508977
uid://A002/Xa2300a/Xa8a,DV12,ALMA_RB_06,2015-06-04 02:17:16.512000,CalData_9,230514562500.05,100.0492821176825,79.74855881425633,-0.9298273510589445,0.7127107121933254,204.49887155954372,-395.0475891243286,0.025806111767070504,0.025886235516967004,25.567798997508977,25.567798997508977
uid://A002/Xa2300a/Xa8a,DV13,ALMA_RB_06,2015-06-04 02:17:16.512000,CalData_9,230514562500.05,100.04123931530165,79.74805501857348,0.8930036796873706,5.789534962878457,267.4918307518793,-593.237110853153,0.03688139494808847,0.033893669815146965,25.567798997508977,25.567798997508977
uid://A002/Xa2300a/Xa8a,DA57,ALMA_RB_06,2015-06-04 02:23:57.072001,CalData_15,230514562500.05,12.636817553067885,46.562350304289446,1.2031551585933906,1.8397664778582796,337.48019567335285,-396.6198294257766,0.049087498187903214,0.048803734579923826,25.567798997508977,25.567798997508977
uid://A002/Xa2300a/Xa8a,DA59,ALMA_RB_06,2015-06-04 02:23:57.072001,CalData_15,230514562500.05,12.637286134849269,46.56221406926143,-2.9253718785727667,3.5875526303591747,381.9365869684542,-375.5001029072941,0.040918098675230975,0.04043670643084621,25.567798997508977,25.567798997508977
uid://A002/Xa2300a/Xa8a,DV14,ALMA_RB_06,2015-06-04 02:17:16.512000,CalData_9,230514562500.05,100.04713607456077,79.7462079312203,-4.347577222795498,-0.9993115668714188,482.4880239430626,-592.2404577834249,0.025689091492567956,0.026995820757183597,25.567798997508977,25.567798997508977
uid://A002/Xa2300a/Xa8a,DV15,ALMA_RB_06,2015-06-04 02:17:16.512000,CalData_9,230514562500.05,100.05431923579044,79.74683480826549,-0.1033387593151431,-0.6394841761151705,269.45194283213436,-389.55684962048326,0.028031055861818293,0.027998329590246725,25.567798997508977,25.567798997508977
uid://A002/Xa2300a/Xa8a,DA60,ALMA_RB_06,2015-06-04 02:23:57.072001,CalData_15,230514562500.05,12.637426671384015,46.55869984522617,-2.6215329937162126,6.337422941474607,384.55548106133034,-408.0191604143432,0.057445829465607445,0.052993032298370754,25.567798997508977,25.567798997508977
uid://A002/Xa2300a/Xa8a,DA61,ALMA_RB_06,2015-06-04 02:23:57.072001,CalData_15,230514562500.05,12.63789339734787,46.5637006527274,-0.9550807796068465,2.30117931210524,429.0146759649069,-218.78444012767164,0.04456225757409401,0.043985751359222544,25.567798997508977,25.567798997508977
uid://A002/Xa2300a/Xa8a,DV16,ALMA_RB_06,2015-06-04 02:17:16.512000,CalData_9,230514562500.05,100.05471219818375,79.7502800620282,4.9925023793243914,0.403025957246116,423.7125366648185,-1036.4930659618676,0.02961787096361126,0.031667811354113645,25.567798997508977,25.567798997508977
uid://A002/Xa2300a/Xa8a,DV17,ALMA_RB_06,2015-06-04 02:17:16.512000,CalData_9,230514562500.05,100.04872529298528,79.74905958316205,-0.3555270343393223,0.4185564915337781,456.83176934904344,-879.3791059180754,0.025737548999829846,0.025733693452496365,25.567798997508977,25.567798997508977
uid://A002/Xa2300a/Xa8a,DA62,ALMA_RB_06,2015-06-04 02:23:57.072001,CalData_15,230514562500.05,12.637047498021062,46.5616120244295,-0.22333074607548603,-1.3286910380839234,324.10310817033843,-272.11522978594166,0.039343853738086416,0.039138518222450513,25.567798997508977,25.567798997508977
uid://A002/Xa2300a/Xa8a,DA63,ALMA_RB_06,2015-06-04 02:23:57.072001,CalData_15,230514562500.05,12.639325327519332,46.56161121331734,0.1691549918757607,-1.0901538523606846,145.68066538837607,-451.7974023154578,0.03640351322766268,0.03627537580432182,25.567798997508977,25.567798997508977
uid://A002/Xa2300a/Xa8a,DV18,ALMA_RB_06,2015-06-04 02:17:16.512000,CalData_9,230514562500.05,100.05386161829628,79.74896999872949,0.8402012268346917,-2.1034438369787902,443.7030174508622,-583.7389171677736,0.02330271771133796,0.023051020698202564,25.567798997508977,25.567798997508977
uid://A002/Xa2300a/Xa8a,DV19,ALMA_RB_06,2015-06-04 02:17:16.512000,CalData_9,230514562500.05,100.04861098563688,79.74809411318724,-0.88520222054601,0.4985689117204381,323.0855941028238,-676.8837543226897,0.02371206129618357,0.023749660216009102,25.567798997508977,25.567798997508977
uid://A002/Xa2300a/Xa8a,DA64,ALMA_RB_06,2015-06-04 02:23:57.072001,CalData_15,230514562500.05,12.637586041010804,46.56285696603858,-2.4333337462462126,1.0213773813196196,301.48173637678747,-207.85211037216635,0.05197271426140876,0.05272379611555017,25.567798997508977,25.567798997508977
uid://A002/Xa2300a/Xa8a,DV01,ALMA_RB_06,2015-06-04 02:23:57.072001,CalData_15,230514562500.05,12.635743863311095,46.56328635469832,2.24863738495669,2.4894438187165178,477.5647403728382,-420.2124938136767,0.04801907783860095,0.048415273165958346,25.567798997508977,25.567798997508977
uid://A002/Xa2300a/Xa8a,DA42,ALMA_RB_06,2015-06-04 02:17:16.512000,CalData_9,230514562500.05,100.04988084358354,79.75089696960713,0.6540887390601078,0.33112847673608403,263.5257295810579,61.657358155149055,0.028547695081460895,0.02857494786180257,25.567798997508977,25.567798997508977
uid://A002/Xa2300a/Xa8a,DA43,ALMA_RB_06,2015-06-04 02:17:16.512000,CalData_9,230514562500.05,100.04033540640062,79.74983485321955,2.2976672772068447,-0.5528291144251669,299.23535457354683,-416.36418918828474,0.02463478296486962,0.025001198737801697,25.567798997508977,25.567798997508977
uid://A002/Xa2300a/Xa8a,DV20,ALMA_RB_06,2015-06-04 02:17:16.512000,CalData_9,230514562500.05,100.06486713819729,79.74788068165483,5.630135211463591,-5.36413777463064,391.56166369435164,-566.199527146658,0.04152549029009741,0.04181329451903793,25.567798997508977,25.567798997508977
uid://A002/Xa2300a/Xa8a,DV21,ALMA_RB_06,2015-06-04 02:17:16.512000,CalData_9,230514562500.05,100.07134310212689,79.74857217264622,-0.21775214730630418,0.8785401024607817,399.6673281118787,-639.7972434863002,0.024701552027727506,0.024645643704357973,25.567798997508977,25.567798997508977
uid://A002/Xa2300a/Xa8a,DV05,ALMA_RB_06,2015-06-04 02:23:57.072001,CalData_15,230514562500.05,12.637468258929742,46.56094021503387,2.288330988803899,0.9186696203030676,18.414196613911987,-470.9678199746915,0.04696736623208765,0.04757970551677004,25.567798997508977,25.567798997508977
uid://A002/Xa2300a/Xa8a,DV07,ALMA_RB_06,2015-06-04 02:23:57.072001,CalData_15,230514562500.05,12.637613875767986,46.56150000120354,-0.03201279374598129,-0.2527272356328088,666.2576040506713,-722.4677778243129,0.04321711979265666,0.043207338033153256,25.567798997508977,25.567798997508977
uid://A002/Xa2300a/Xa8a,DA44,ALMA_RB_06,2015-06-04 02:17:16.512000,CalData_9,230514562500.05,100.05354163740314,79.74762093697831,-0.6140674446275519,-1.0269209896510263,355.2907053278687,-400.1647831975813,0.020044762766589397,0.020004118460859276,25.567798997508977,25.567798997508977
uid://A002/Xa2300a/Xa8a,DA45,ALMA_RB_06,2015-06-04 02:17:16.512000,CalData_9,230514562500.05,100.05156617863358,79.74833167885946,2.3949080150632396,-0.7245126572001914,474.3938872984008,-300.78530768146146,0.025963415962199927,0.026238005768397944,25.567798997508977,25.567798997508977
uid://A002/Xa2300a/Xa8a,DV22,ALMA_RB_06,2015-06-04 02:17:16.512000,CalData_9,230514562500.05,100.05186747797191,79.74908055679856,2.2824313170907393,-0.16547937665002124,530.3128435810681,-739.9674925513917,0.03201059975185383,0.032513728357715134,25.567798997508977,25.567798997508977
uid://A002/Xa2300a/Xa8a,DV23,ALMA_RB_06,2015-06-04 02:17:16.512000,CalData_9,230514562500.05,100.043832816492,79.75109118559485,1.3858794142553201,-0.6100637157878661,324.3510638209212,-652.4979346166763,0.025266848674174804,0.025386968332650632,25.567798997508977,25.567798997508977
uid://A002/Xa2300a/Xa8a,DV10,ALMA_RB_06,2015-06-04 02:23:57.072001,CalData_15,230514562500.05,12.635035876101771,46.56113206547996,0.34601607618827335,-0.16150969165816814,-386.0127439662602,-821.8214465344481,0.04500796008639939,0.04501815049799096,25.567798997508977,25.567798997508977
uid://A002/Xa2300a/Xa8a,DV11,ALMA_RB_06,2015-06-04 02:23:57.072001,CalData_15,230514562500.05,12.636486133117904,46.55938580815262,0.02181376921557064,0.05686083970877336,75.53051722121522,-912.0004320071741,0.04059033426336002,0.040588759233438465,25.567798997508977,25.567798997508977
uid://A002/Xa2300a/Xa8a,DA47,ALMA_RB_06,2015-06-04 02:17:16.512000,CalData_9,230514562500.05,100.04925837268968,79.7499924976272,2.18598597949704,-1.321266350844935,365.4506679343519,-417.53962452763983,0.024345135007109216,0.024564141937662917,25.567798997508977,25.567798997508977
uid://A002/Xa2300a/Xa8a,DA49,ALMA_RB_06,2015-06-04 02:17:16.512000,CalData_9,230514562500.05,100.05364870337608,79.74824220764376,4.546694521600847,-2.3270526645839698,444.88612234442144,-119.64929262496423,0.03002996361537992,0.03128321063059037,25.567798997508977,25.567798997508977
uid://A002/Xa2300a/Xa8a,DV24,ALMA_RB_06,2015-06-04 02:17:16.512000,CalData_9,230514562500.05,100.06274103481121,79.74885283191644,1.6121440790290262,0.19597974010209712,315.9067092246616,-508.8604472455335,0.028178750934034776,0.028397540186299423,25.567798997508977,25.567798997508977
uid://A002/Xa2300a/Xa8a,DV25,ALMA_RB_06,2015-06-04 02:17:16.512000,CalData_9,230514562500.05,100.06029489427169,79.74685500646885,0.9676700148447943,-0.11547542059799892,389.2971752735288,-481.640504001196,0.026773810346055825,0.02685016212824145,25.567798997508977,25.567798997508977
uid://A002/Xa2300a/Xa8a,DV12,ALMA_RB_06,2015-06-04 02:23:57.072001,CalData_15,230514562500.05,12.63727153177516,46.561719626588605,0.9281841707332689,-1.5594926931574247,-109.18699319349047,-415.33091692885006,0.037454975745274,0.03741377328150723,25.567798997508977,25.567798997508977
uid://A002/Xa2300a/Xa8a,DV13,ALMA_RB_06,2015-06-04 02:23:57.072001,CalData_15,230514562500.05,12.638053798010162,46.56018553730628,0.6476657054889386,-6.020591663879354,150.11657476942062,-598.9768381054981,0.062068086703728,0.05660978135549509,25.567798997508977,25.567798997508977
uid://A002/Xa2300a/Xa8a,DA50,ALMA_RB_06,2015-06-04 02:17:16.512000,CalData_9,230514562500.05,100.04569888264777,79.74938286718051,1.0330942026372194,-0.7922674245371004,334.27198663802244,-349.14077164655583,0.026313871361469846,0.026349392607190995,25.567798997508977,25.567798997508977
uid://A002/Xa2300a/Xa8a,DA51,ALMA_RB_06,2015-06-04 02:17:16.512000,CalData_9,230514562500.05,100.06278494329123,79.74993173619107,2.6835916983602814,-1.3072422198792257,316.9859792945186,-266.3116070154732,0.026013880911258804,0.02643561645900354,25.567798997508977,25.567798997508977
uid://A002/Xa2300a/Xa8a,DV14,ALMA_RB_06,2015-06-04 02:23:57.072001,CalData_15,230514562500.05,12.640750623938636,46.56104016252382,1.1268412708576196,0.7772416314992685,648.198846606829,-603.6156000105592,0.05216301668618534,0.052268333139438315,25.567798997508977,25.567798997508977
uid://A002/Xa2300a/Xa8a,DV15,ALMA_RB_06,2015-06-04 02:23:57.072001,CalData_15,230514562500.05,12.639790788634956,46.56243207050555,0.19451117955636194,1.1497111692218183,3.402173522315075,-373.0986755094279,0.04808454757425633,0.047896804614938095,25.567798997508977,25.567798997508977
uid://A002/Xa2300a/Xa8a,DA52,ALMA_RB_06,2015-06-04 02:17:16.512000,CalData_9,230514562500.05,100.05041122796281,79.74874998515612,0.24197402550715869,1.0206594413177479,423.2505008366303,-160.50962871149628,0.029055134333454722,0.028968104635099544,25.567798997508977,25.567798997508977
uid://A002/Xa2300a/Xa8a,DA53,ALMA_RB_06,2015-06-04 02:17:16.512000,CalData_9,230514562500.05,100.04665641254154,79.74767038811525,2.941820167067617,-2.027509201341968,387.5722759151977,-204.7179485368166,0.028619992056229074,0.028995715514274215,25.567798997508977,25.567798997508977
uid://A002/Xa2300a/Xa8a,DV16,ALMA_RB_06,2015-06-04 02:23:57.072001,CalData_15,230514562500.05,12.634705322960697,46.562923322287936,-6.141023715395736,-0.5604446036727668,616.4606262263669,-1045.012431699601,0.050633638350916825,0.05567536501423144,25.567798997508977,25.567798997508977
uid://A002/Xa2300a/Xa8a,DV17,ALMA_RB_06,2015-06-04 02:23:57.072001,CalData_15,230514562500.05,12.636535353406286,46.561678664302626,0.28795833137582627,-0.4477845859144936,681.9622097977526,-895.4612229606582,0.039841760202780935,0.03982321234017684,25.567798997508977,25.567798997508977
uid://A002/Xa2300a/Xa8a,DA54,ALMA_RB_06,2015-06-04 02:17:16.512000,CalData_9,230514562500.05,100.05948039368646,79.75119546769831,1.367694231151015,-0.8374838070811537,369.4011761974726,-112.1569093917988,0.020553820581679635,0.020626765762271664,25.567798997508977,25.567798997508977
uid://A002/Xa2300a/Xa8a,DA55,ALMA_RB_06,2015-06-04 02:17:16.512000,CalData_9,230514562500.05,100.04379825257506,79.74914840908886,1.0326255347032363,1.250942420894606,329.99050104456063,-152.3915226285533,0.02697909427421347,0.026937804503044067,25.567798997508977,25.567798997508977
uid://A002/Xa2300a/Xa8a,DA42,ALMA_RB_06,2015-06-04 02:23:57.072001,CalData_15,230514562500.05,12.633818645094287,46.562113923790164,-0.18971384104624123,0.5640657746823793,-18.570853988644735,63.179616341532544,0.041283080017888454,0.04124699145484018,25.567798997508977,25.567798997508977
uid://A002/Xa2300a/Xa8a,DA43,ALMA_RB_06,2015-06-04 02:23:57.072001,CalData_15,230514562500.05,12.635432076119576,46.5602370731231,-2.1718912378606117,-0.6116250822532397,157.01072140940965,-427.85000966815187,0.039005765642901175,0.039512903637422755,25.567798997508977,25.567798997508977
uid://A002/Xa2300a/Xa8a,DV18,ALMA_RB_06,2015-06-04 02:23:57.072001,CalData_15,230514562500.05,12.636642518734993,46.56260819520289,-4.295380209304139,0.33611999737831993,478.68154144667045,-593.5441080337499,0.050738717037632684,0.05339507551128927,25.567798997508977,25.567798997508977
uid://A002/Xa2300a/Xa8a,DV19,ALMA_RB_06,2015-06-04 02:23:57.072001,CalData_15,230514562500.05,12.63796045518786,46.561540131130926,1.6935714228278305,-0.4148334718575805,145.68127368807734,-662.2907180346081,0.05123220864549796,0.05164706863996696,25.567798997508977,25.567798997508977
uid://A002/Xa2300a/Xa8a,DA57,ALMA_RB_06,2015-06-04 02:17:16.512000,CalData_9,230514562500.05,100.0525290604561,79.7488557793561,-0.24399600327604026,-1.4097224672932724,362.50961121446534,-381.4109313974961,0.02346184308504497,0.023326084621159725,25.567798997508977,25.567798997508977
uid://A002/Xa2300a/Xa8a,DA59,ALMA_RB_06,2015-06-04 02:17:16.512000,CalData_9,230514562500.05,100.05199499232405,79.74853997128533,3.02163631539887,-2.4800446683242203,337.70136561562555,-352.7628921180148,0.031321931161031456,0.03158826378481373,25.567798997508977,25.567798997508977
uid://A002/Xa2300a/Xa8a,DA44,ALMA_RB_06,2015-06-04 02:23:57.072001,CalData_15,230514562500.05,12.638634641342813,46.562385386953274,0.3034945772657666,1.4992432233107666,276.50539107909543,-406.8392528417945,0.04465382620026773,0.04436292754444366,25.567798997508977,25.567798997508977
uid://A002/Xa2300a/Xa8a,DA45,ALMA_RB_06,2015-06-04 02:23:57.072001,CalData_15,230514562500.05,12.637595560508702,46.562110189792044,-1.539465453520071,-0.5421319966491767,823.982509434567,-294.1883059203901,0.04417234478620124,0.04421386534667239,25.567798997508977,25.567798997508977
uid://A002/Xa2300a/Xa8a,DV20,ALMA_RB_06,2015-06-04 02:23:57.072001,CalData_15,230514562500.05,12.63819587160589,46.56449092495659,-7.375377976503827,6.5365274019501625,206.14026601365515,-578.9621750299019,0.06929492952474771,0.07083883150262037,25.567798997508977,25.567798997508977
uid://A002/Xa2300a/Xa8a,DV21,ALMA_RB_06,2015-06-04 02:23:57.072001,CalData_15,230514562500.05,12.637143505281646,46.56576077009169,1.3413930851220823,-0.2082079566458003,141.31304288635513,-620.1473289811624,0.045862800656910875,0.046108515565087875,25.567798997508977,25.567798997508977
uid://A002/Xa2300a/Xa8a,DA60,ALMA_RB_06,2015-06-04 02:17:16.512000,CalData_9,230514562500.05,100.0328238421153,79.74850745336347,2.802911725195233,-4.281682167186047,361.16461768182876,-401.08842146839606,0.0337543985278668,0.032823097154436855,25.567798997508977,25.567798997508977
uid://A002/Xa2300a/Xa8a,DA61,ALMA_RB_06,2015-06-04 02:17:16.512000,CalData_9,230514562500.05,100.06040553331887,79.748100542084,1.5386548822962876,-1.2131317283673875,430.35104637871507,-199.29271890413233,0.02649139451606161,0.026562942214159564,25.567798997508977,25.567798997508977
uid://A002/Xa2300a/Xa8a,DA47,ALMA_RB_06,2015-06-04 02:23:57.072001,CalData_15,230514562500.05,12.635156240320889,46.56188986624097,-2.312249434737147,0.4876409860402352,425.77774078639743,-440.2357643020807,0.04496165031999607,0.04564535572015641,25.567798997508977,25.567798997508977
uid://A002/Xa2300a/Xa8a,DA49,ALMA_RB_06,2015-06-04 02:23:57.072001,CalData_15,230514562500.05,12.637717427219739,46.56248062634309,-3.4156801510434107,1.0315826539403503,639.8097309161209,-138.91145758002,0.049405288139224644,0.050926560802326666,25.567798997508977,25.567798997508977
uid://A002/Xa2300a/Xa8a,DV22,ALMA_RB_06,2015-06-04 02:23:57.072001,CalData_15,230514562500.05,12.636489115468875,46.56225653334992,-1.3056078518649314,-0.2415383135021967,798.4804458373541,-761.0090757861593,0.05529160700747423,0.055556260954711015,25.567798997508977,25.567798997508977
uid://A002/Xa2300a/Xa8a,DV23,ALMA_RB_06,2015-06-04 02:23:57.072001,CalData_15,230514562500.05,12.633561467126905,46.56103043461375,-1.02562260641358,0.64855726635338,149.55210777291543,-677.9189337977273,0.04712360010827373,0.047213265122265195,25.567798997508977,25.567798997508977
uid://A002/Xa2300a/Xa8a,DA62,ALMA_RB_06,2015-06-04 02:17:16.512000,CalData_9,230514562500.05,100.04859193788583,79.74871292284996,1.1381311215793106,1.0123951212976674,324.76206970631387,-243.5408072046486,0.03150130423198358,0.03152678446931508,25.567798997508977,25.567798997508977
uid://A002/Xa2300a/Xa8a,DA63,ALMA_RB_06,2015-06-04 02:17:16.512000,CalData_9,230514562500.05,100.04961679743101,79.74716577308784,0.7195466736467899,0.22551501269069213,297.3038197008642,-453.11050450501415,0.022707876977411806,0.022740345257822772,25.567798997508977,25.567798997508977
uid://A002/Xa2300a/Xa8a,DA50,ALMA_RB_06,2015-06-04 02:23:57.072001,CalData_15,230514562500.05,12.636073036642989,46.561163939124036,-0.9508472110871534,0.30261692977032223,245.71313044355065,-354.7584363101438,0.04404683412636801,0.04415499659574016,25.567798997508977,25.567798997508977
uid://A002/Xa2300a/Xa8a,DA51,ALMA_RB_06,2015-06-04 02:23:57.072001,CalData_15,230514562500.05,12.63517966290556,46.56435891843805,-2.689550644057833,1.6368024758479522,68.3934888935322,-265.33281571575986,0.035816613721301,0.03629183380906252,25.567798997508977,25.567798997508977
uid://A002/Xa2300a/Xa8a,DV24,ALMA_RB_06,2015-06-04 02:23:57.072001,CalData_15,230514562500.05,12.636771874577116,46.56421976518482,-1.1893384267703089,0.010958106284493955,111.76089789757036,-522.013018924764,0.04599826212935285,0.0461946686231689,25.567798997508977,25.567798997508977
uid://A002/Xa2300a/Xa8a,DV25,ALMA_RB_06,2015-06-04 02:23:57.072001,CalData_15,230514562500.05,12.639731774742168,46.56352889452231,-0.38130793946920943,0.03098726873672148,485.2674182416693,-521.1275311471271,0.05121223814539456,0.05123584785973621,25.567798997508977,25.567798997508977
uid://A002/Xa2300a/Xa8a,DA64,ALMA_RB_06,2015-06-04 02:17:16.512000,CalData_9,230514562500.05,100.0556491832985,79.74832463177846,2.281515292820829,-1.6441130977585667,326.01169205451527,-205.29536557263788,0.02773149263666648,0.02793704371701494,25.567798997508977,25.567798997508977
uid://A002/Xa2300a/Xa8a,DV01,ALMA_RB_06,2015-06-04 02:17:16.512000,CalData_9,230514562500.05,100.05716812740269,79.74956807612378,-2.135451270157676,-2.262254010098885,413.88600441422483,-433.3228150493499,0.027911894234195253,0.027640550792800374,25.567798997508977,25.567798997508977
uid://A002/Xa2300a/Xa8a,DV24,ALMA_RB_06,2015-06-04 02:06:16.656000,CalData_1,230514562500.05,39.84194474790264,54.33751939461391,0.36463510275530786,-2.2680744389484917,149.70854134519365,-519.8299015397705,0.04720710549966131,0.04650579523599797,25.567798997508977,25.567798997508977
uid://A002/Xa2300a/Xa8a,DV25,ALMA_RB_06,2015-06-04 02:06:16.656000,CalData_1,230514562500.05,39.844825319648315,54.336004914685276,1.211048358367415,-1.367868212549856,457.57433260480417,-517.0976928422568,0.04292712015498369,0.042871506461931344,25.567798997508977,25.567798997508977
uid://A002/Xa2300a/Xa8a,DV05,ALMA_RB_06,2015-06-04 02:17:16.512000,CalData_9,230514562500.05,100.0451050251409,79.74843921341129,-1.4178464420627832,-1.5744674289359435,309.50336750400504,-485.222482511121,0.022128415926503733,0.022100305238988333,25.567798997508977,25.567798997508977
uid://A002/Xa2300a/Xa8a,DV07,ALMA_RB_06,2015-06-04 02:17:16.512000,CalData_9,230514562500.05,100.04823472600822,79.74833024191955,0.46518012657874164,0.06544941906677061,421.20897548972755,-709.5527864512115,0.024203049668029,0.024219328316455364,25.567798997508977,25.567798997508977
uid://A002/Xa2300a/Xa8a,DA52,ALMA_RB_06,2015-06-04 02:23:57.072001,CalData_15,230514562500.05,12.636983968535848,46.56194965007492,0.674818915120508,-2.4826645930373044,531.5739606455963,-152.40559935196066,0.048861155465420365,0.0480434314835178,25.567798997508977,25.567798997508977
uid://A002/Xa2300a/Xa8a,DA53,ALMA_RB_06,2015-06-04 02:23:57.072001,CalData_15,230514562500.05,12.638595132335963,46.56113058853549,-3.289731635292588,1.0489734988074888,489.9360893349321,-217.6292147568204,0.04150749130606644,0.04268251450531438,25.567798997508977,25.567798997508977
uid://A002/Xa2300a/Xa8a,DV10,ALMA_RB_06,2015-06-04 02:17:16.512000,CalData_9,230514562500.05,100.04505561519566,79.75008790563936,-0.07746427729366633,0.21096023005325132,136.29956107132875,-801.4879383213369,0.02285858426323438,0.02285593638039594,25.567798997508977,25.567798997508977
uid://A002/Xa2300a/Xa8a,DV11,ALMA_RB_06,2015-06-04 02:17:16.512000,CalData_9,230514562500.05,100.0361526112959,79.74913410495671,-0.7770099442782182,0.555633220639689,248.11977295413004,-908.3201574430234,0.024474549089836026,0.024495482693650615,25.567798997508977,25.567798997508977
